date,price
2016-01-02,201.9000000000001
2016-01-03,253.5999999999999
2016-01-04,-130.29999999999973
2016-01-05,19.949999999999818
2016-01-06,19.949999999999818
2016-01-07,286.10000000000036
2016-01-08,-16.0
2016-01-09,-74.0
2016-01-10,-27.0
2016-01-11,-27.0
2016-01-12,-210.80000000000018
2016-01-13,-213.4000000000001
2016-01-14,-3.599999999999909
2016-01-15,33.80000000000018
2016-01-16,1.2666666666664241
2016-01-17,1.2666666666664241
2016-01-18,1.2666666666668789
2016-01-19,-10.199999999999818
2016-01-20,34.69999999999982
2016-01-21,1.5
2016-01-22,-5.299999999999727
2016-01-23,3.0333333333328483
2016-01-24,3.0333333333337578
2016-01-25,3.033333333333303
2016-01-26,21.5
2016-01-27,7.900000000000091
2016-01-28,2.399999999999636
2016-01-29,-1.0
2016-01-30,7.650000000000091
2016-01-31,7.650000000000091
2016-02-01,7.650000000000091
2016-02-02,7.650000000000091
2016-02-03,234.39999999999964
2016-02-04,23.050000000000182
2016-02-05,23.050000000000182
2016-02-06,-116.0
2016-02-07,147.5999999999999
2016-02-08,147.5999999999999
2016-02-09,-87.80000000000018
2016-02-10,-20.199999999999818
2016-02-11,-20.199999999999818
2016-02-12,-228.9000000000001
2016-02-13,26.166666666666515
2016-02-14,26.16666666666697
2016-02-15,26.166666666666515
2016-02-16,4.0
2016-02-17,13.900000000000091
2016-02-18,-5.800000000000182
2016-02-19,54.90000000000009
2016-02-20,-14.766666666666879
2016-02-21,-14.766666666666424
2016-02-22,-14.766666666666879
2016-02-23,22.5
2016-02-24,65.70000000000027
2016-02-25,-33.30000000000018
2016-02-26,-8.900000000000091
2016-02-27,4.733333333333121
2016-02-28,4.733333333333576
2016-02-29,4.733333333333576
2016-03-01,-128.0
2016-03-02,-128.0
2016-03-03,235.19999999999982
2016-03-04,26.199999999999818
2016-03-05,26.200000000000273
2016-03-06,-78.20000000000027
2016-03-07,115.0
2016-03-08,115.0
2016-03-09,-51.19999999999982
2016-03-10,-51.19999999999982
2016-03-11,-20.800000000000182
2016-03-12,-38.4666666666667
2016-03-13,-38.4666666666667
2016-03-14,-38.4666666666667
2016-03-15,-14.599999999999909
2016-03-16,1.300000000000182
2016-03-17,77.29999999999973
2016-03-18,-62.0
2016-03-19,-6.266666666666879
2016-03-20,-6.266666666666424
2016-03-21,-6.266666666666424
2016-03-22,22.09999999999991
2016-03-23,-71.5
2016-03-24,18.699999999999818
2016-03-25,-2.400000000000091
2016-03-26,1.0
2016-03-27,1.0
2016-03-28,1.0
2016-03-29,-2.099999999999909
2016-03-30,11.200000000000273
2016-03-31,-2.400000000000091
2016-04-01,-329.5999999999999
2016-04-02,221.69999999999982
2016-04-03,232.0
2016-04-04,-155.0
2016-04-05,139.30000000000018
2016-04-06,87.75
2016-04-07,87.75
2016-04-08,9.0
2016-04-09,-91.10000000000036
2016-04-10,-91.09999999999991
2016-04-11,51.40000000000009
2016-04-12,-70.05000000000018
2016-04-13,-70.04999999999973
2016-04-14,-17.300000000000182
2016-04-15,-7.900000000000091
2016-04-16,5.0
2016-04-17,5.0
2016-04-18,5.0
2016-04-19,37.20000000000027
2016-04-20,-19.40000000000009
2016-04-21,-7.400000000000091
2016-04-22,0.599999999999909
2016-04-23,-0.3999999999996362
2016-04-24,-0.40000000000009095
2016-04-25,-0.40000000000009095
2016-04-26,6.800000000000182
2016-04-27,1.099999999999909
2016-04-28,22.699999999999818
2016-04-29,60.09999999999991
2016-04-30,-220.19999999999982
2016-05-01,-220.19999999999982
2016-05-02,193.79999999999973
2016-05-03,57.80000000000018
2016-05-04,57.79999999999973
2016-05-05,127.90000000000009
2016-05-06,89.09999999999991
2016-05-07,89.10000000000036
2016-05-08,-40.80000000000018
2016-05-09,-41.19999999999982
2016-05-10,-121.40000000000009
2016-05-11,-86.65000000000009
2016-05-12,-86.65000000000009
2016-05-13,171.9000000000001
2016-05-14,16.73333333333312
2016-05-15,16.733333333333576
2016-05-16,16.73333333333312
2016-05-17,-23.299999999999727
2016-05-18,-7.200000000000273
2016-05-19,-50.5
2016-05-20,35.600000000000364
2016-05-21,-6.666666666666515
2016-05-22,-6.66666666666697
2016-05-23,-6.666666666666515
2016-05-24,-18.5
2016-05-25,-25.300000000000182
2016-05-26,-11.199999999999818
2016-05-27,-28.300000000000182
2016-05-28,1.166666666666515
2016-05-29,1.166666666666515
2016-05-30,1.1666666666669698
2016-05-31,-5.5
2016-06-01,-281.6999999999998
2016-06-02,91.5
2016-06-03,91.5
2016-06-04,91.5
2016-06-05,149.5
2016-06-06,-78.30000000000018
2016-06-07,281.0999999999999
2016-06-08,-51.75
2016-06-09,-51.75
2016-06-10,-173.19999999999982
2016-06-11,-65.84999999999991
2016-06-12,-65.85000000000036
2016-06-13,204.5
2016-06-14,23.800000000000182
2016-06-15,-1.300000000000182
2016-06-16,48.0
2016-06-17,-34.29999999999973
2016-06-18,-9.699999999999818
2016-06-19,-9.700000000000273
2016-06-20,-9.699999999999818
2016-06-21,0.09999999999990905
2016-06-22,-11.300000000000182
2016-06-23,-13.900000000000091
2016-06-24,106.90000000000009
2016-06-25,14.900000000000091
2016-06-26,14.900000000000091
2016-06-27,14.900000000000091
2016-06-28,-30.700000000000273
2016-06-29,19.40000000000009
2016-06-30,-15.900000000000091
2016-07-01,-489.5999999999999
2016-07-02,177.4000000000001
2016-07-03,177.4000000000001
2016-07-04,-70.0
2016-07-05,3.599999999999909
2016-07-06,3.599999999999909
2016-07-07,275.1999999999998
2016-07-08,-34.34999999999991
2016-07-09,-34.34999999999991
2016-07-10,-173.30000000000018
2016-07-11,54.0
2016-07-12,-196.5999999999999
2016-07-13,335.3000000000002
2016-07-14,-40.20000000000027
2016-07-15,-0.1999999999998181
2016-07-16,9.866666666666788
2016-07-17,9.866666666666333
2016-07-18,9.866666666666788
2016-07-19,-8.0
2016-07-20,-30.699999999999818
2016-07-21,10.900000000000091
2016-07-22,-1.400000000000091
2016-07-23,-5.566666666667061
2016-07-24,-5.566666666666606
2016-07-25,-5.566666666666606
2016-07-26,32.5
2016-07-27,10.5
2016-07-28,18.200000000000273
2016-07-29,-5.900000000000091
2016-07-30,-176.66666666666697
2016-07-31,-176.66666666666652
2016-08-01,-176.66666666666652
2016-08-02,241.30000000000018
2016-08-03,126.69999999999982
2016-08-04,-69.19999999999982
2016-08-05,25.09999999999991
2016-08-06,25.09999999999991
2016-08-07,229.0
2016-08-08,-65.69999999999982
2016-08-09,-4.100000000000364
2016-08-10,-66.04999999999973
2016-08-11,-66.05000000000018
2016-08-12,-197.5
2016-08-13,114.0333333333333
2016-08-14,114.0333333333333
2016-08-15,114.0333333333333
2016-08-16,8.100000000000364
2016-08-17,-1.400000000000091
2016-08-18,19.09999999999991
2016-08-19,-13.199999999999818
2016-08-20,-3.433333333333394
2016-08-21,-3.433333333333394
2016-08-22,-3.433333333333394
2016-08-23,15.599999999999909
2016-08-24,-37.19999999999982
2016-08-25,-14.900000000000091
2016-08-26,-4.800000000000182
2016-08-27,1.433333333333394
2016-08-28,1.433333333333394
2016-08-29,1.433333333333394
2016-08-30,-2.400000000000091
2016-08-31,-17.299999999999727
2016-09-01,-111.30000000000018
2016-09-02,-111.30000000000018
2016-09-03,93.70000000000027
2016-09-04,5.799999999999727
2016-09-05,5.800000000000182
2016-09-06,-6.800000000000182
2016-09-07,89.25
2016-09-08,89.25
2016-09-09,-29.5
2016-09-10,-56.09999999999991
2016-09-11,-56.09999999999991
2016-09-12,-213.30000000000018
2016-09-13,326.8000000000002
2016-09-14,-2.199999999999818
2016-09-15,-34.0
2016-09-16,-4.100000000000364
2016-09-17,7.600000000000364
2016-09-18,7.599999999999909
2016-09-19,7.599999999999909
2016-09-20,-6.300000000000182
2016-09-21,27.5
2016-09-22,27.800000000000182
2016-09-23,-17.5
2016-09-24,2.633333333333212
2016-09-25,2.633333333333667
2016-09-26,2.633333333333212
2016-09-27,-33.40000000000009
2016-09-28,-17.0
2016-09-29,-7.400000000000091
2016-09-30,25.09999999999991
2016-10-01,-122.25
2016-10-02,-122.25
2016-10-03,134.10000000000036
2016-10-04,-11.550000000000182
2016-10-05,-11.550000000000182
2016-10-06,27.600000000000364
2016-10-07,78.59999999999991
2016-10-08,78.59999999999991
2016-10-09,-100.65000000000009
2016-10-10,-100.65000000000009
2016-10-11,40.600000000000364
2016-10-12,-12.75
2016-10-13,-12.75
2016-10-14,-24.40000000000009
2016-10-15,3.966666666666697
2016-10-16,3.9666666666662422
2016-10-17,3.9666666666671517
2016-10-18,4.099999999999909
2016-10-19,20.0
2016-10-20,14.199999999999818
2016-10-21,-8.099999999999909
2016-10-22,-1.0
2016-10-23,-1.0
2016-10-24,-1.0
2016-10-25,5.0
2016-10-26,3.300000000000182
2016-10-27,-8.0
2016-10-28,11.799999999999727
2016-10-29,-1.833333333333485
2016-10-30,-1.8333333333330302
2016-10-31,-1.833333333333485
2016-11-01,-362.0999999999999
2016-11-02,342.5
2016-11-03,23.699999999999818
2016-11-04,-47.69999999999982
2016-11-05,49.90000000000009
2016-11-06,97.20000000000027
2016-11-07,97.19999999999982
2016-11-08,-20.90000000000009
2016-11-09,-107.29999999999973
2016-11-10,-107.30000000000018
2016-11-11,-1.300000000000182
2016-11-12,-13.766666666666879
2016-11-13,-13.766666666666424
2016-11-14,-13.766666666666879
2016-11-15,24.0
2016-11-16,15.800000000000182
2016-11-17,-11.300000000000182
2016-11-18,-26.799999999999727
2016-11-19,3.633333333333212
2016-11-20,3.633333333333667
2016-11-21,3.633333333333212
2016-11-22,2.899999999999636
2016-11-23,-41.29999999999973
2016-11-24,-2.700000000000273
2016-11-25,-3.599999999999909
2016-11-26,-0.566666666666606
2016-11-27,-0.566666666666606
2016-11-28,-0.566666666666606
2016-11-29,1.2999999999997272
2016-11-30,-21.299999999999727
2016-12-01,-266.0
2016-12-02,396.7999999999997
2016-12-03,-26.449999999999818
2016-12-04,-26.449999999999818
2016-12-05,61.29999999999973
2016-12-06,80.95000000000027
2016-12-07,80.94999999999982
2016-12-08,4.0
2016-12-09,-57.80000000000018
2016-12-10,-145.0
2016-12-11,-96.94999999999982
2016-12-12,-96.94999999999982
2016-12-13,9.0
2016-12-14,6.699999999999818
2016-12-15,-60.5
2016-12-16,7.300000000000182
2016-12-17,3.466666666666697
2016-12-18,3.4666666666662422
2016-12-19,3.466666666666697
2016-12-20,-16.799999999999727
2016-12-21,10.099999999999909
2016-12-22,-2.900000000000091
2016-12-23,-0.5
2016-12-24,-0.966666666666697
2016-12-25,-0.966666666666697
2016-12-26,-0.966666666666697
2016-12-27,8.100000000000364
2016-12-28,15.0
2016-12-29,13.799999999999727
2016-12-30,-0.29999999999972715
2016-12-31,36.23333333333312
2017-01-01,36.233333333333576
2017-01-02,36.23333333333312
2017-01-03,52.30000000000018
2017-01-04,-23.199999999999818
2017-01-05,-23.200000000000273
2017-01-06,2.099999999999909
2017-01-07,0.1999999999998181
2017-01-08,0.20000000000027285
2017-01-09,90.29999999999973
2017-01-10,-29.25
2017-01-11,-29.25
2017-01-12,-4.0
2017-01-13,-37.79999999999973
2017-01-14,8.166666666666515
2017-01-15,8.16666666666697
2017-01-16,8.166666666666515
2017-01-17,21.699999999999818
2017-01-18,5.0
2017-01-19,-41.69999999999982
2017-01-20,7.900000000000091
2017-01-21,9.666666666666515
2017-01-22,9.66666666666697
2017-01-23,9.666666666666515
2017-01-24,9.799999999999727
2017-01-25,-51.09999999999991
2017-01-26,-6.199999999999818
2017-01-27,-14.800000000000182
2017-01-28,2.433333333333394
2017-01-29,2.433333333333394
2017-01-30,2.433333333333394
2017-01-31,31.0
2017-02-01,-120.80000000000018
2017-02-02,129.69999999999982
2017-02-03,18.700000000000273
2017-02-04,-34.45000000000027
2017-02-05,-34.44999999999982
2017-02-06,43.90000000000009
2017-02-07,-18.25
2017-02-08,-18.25
2017-02-09,43.90000000000009
2017-02-10,43.899999999999636
2017-02-11,-29.699999999999818
2017-02-12,-11.449999999999818
2017-02-13,-11.450000000000273
2017-02-14,13.800000000000182
2017-02-15,-15.200000000000273
2017-02-16,46.20000000000027
2017-02-17,1.599999999999909
2017-02-18,-5.866666666666788
2017-02-19,-5.866666666666333
2017-02-20,-5.866666666666788
2017-02-21,-4.200000000000273
2017-02-22,5.800000000000182
2017-02-23,12.400000000000091
2017-02-24,12.699999999999818
2017-02-25,2.566666666666606
2017-02-26,2.566666666667061
2017-02-27,2.566666666666606
2017-02-28,-4.200000000000273
2017-03-01,-161.79999999999973
2017-03-02,93.09999999999991
2017-03-03,10.599999999999909
2017-03-04,-26.0
2017-03-05,-14.800000000000182
2017-03-06,-14.799999999999727
2017-03-07,-14.800000000000182
2017-03-08,33.90000000000009
2017-03-09,39.44999999999982
2017-03-10,39.45000000000027
2017-03-11,-41.70000000000027
2017-03-12,-36.09999999999991
2017-03-13,-36.09999999999991
2017-03-14,-13.900000000000091
2017-03-15,-21.09999999999991
2017-03-16,58.80000000000018
2017-03-17,0.6999999999998181
2017-03-18,0.533333333333303
2017-03-19,0.533333333333303
2017-03-20,0.533333333333303
2017-03-21,23.0
2017-03-22,15.700000000000273
2017-03-23,-1.7000000000002728
2017-03-24,-2.0
2017-03-25,2.366666666666788
2017-03-26,2.366666666666333
2017-03-27,2.366666666666788
2017-03-28,-1.099999999999909
2017-03-29,-19.699999999999818
2017-03-30,-8.400000000000091
2017-03-31,-5.199999999999818
2017-04-01,-54.0
2017-04-02,29.299999999999727
2017-04-03,29.300000000000182
2017-04-04,29.299999999999727
2017-04-05,-92.89999999999964
2017-04-06,5.75
2017-04-07,5.75
2017-04-08,25.399999999999636
2017-04-09,169.4000000000001
2017-04-10,-77.29999999999973
2017-04-11,-14.900000000000091
2017-04-12,-14.900000000000091
2017-04-13,26.800000000000182
2017-04-14,-0.6000000000003638
2017-04-15,-0.966666666666697
2017-04-16,-0.9666666666662422
2017-04-17,-0.966666666666697
2017-04-18,-4.0
2017-04-19,3.5
2017-04-20,8.799999999999727
2017-04-21,-3.400000000000091
2017-04-22,-10.733333333333121
2017-04-23,-10.733333333333576
2017-04-24,-10.733333333333121
2017-04-25,-10.0
2017-04-26,-20.5
2017-04-27,1.5
2017-04-28,13.400000000000091
2017-04-29,-17.666666666666515
2017-04-30,-17.66666666666697
2017-05-01,-17.666666666666515
2017-05-02,13.800000000000182
2017-05-03,13.799999999999727
2017-05-04,13.800000000000182
2017-05-05,-68.40000000000009
2017-05-06,111.09999999999991
2017-05-07,-105.19999999999982
2017-05-08,105.0
2017-05-09,105.0
2017-05-10,-83.5
2017-05-11,-24.050000000000182
2017-05-12,-24.050000000000182
2017-05-13,-27.333333333333485
2017-05-14,-27.33333333333303
2017-05-15,-27.333333333333485
2017-05-16,2.600000000000364
2017-05-17,51.0
2017-05-18,30.299999999999727
2017-05-19,-2.699999999999818
2017-05-20,-2.700000000000273
2017-05-21,-2.699999999999818
2017-05-22,-2.699999999999818
2017-05-23,17.299999999999727
2017-05-24,-20.699999999999818
2017-05-25,0.0
2017-05-26,16.0
2017-05-27,0.13333333333321207
2017-05-28,0.13333333333366681
2017-05-29,0.13333333333321207
2017-05-30,-3.200000000000273
2017-05-31,4.400000000000091
2017-06-01,-51.19999999999982
2017-06-02,75.59999999999991
2017-06-03,-13.099999999999909
2017-06-04,-36.5
2017-06-05,39.19999999999982
2017-06-06,39.19999999999982
2017-06-07,-130.29999999999973
2017-06-08,103.09999999999991
2017-06-09,103.09999999999991
2017-06-10,-99.29999999999973
2017-06-11,-15.800000000000182
2017-06-12,-17.300000000000182
2017-06-13,-11.199999999999818
2017-06-14,15.599999999999909
2017-06-15,-21.40000000000009
2017-06-16,-3.899999999999636
2017-06-17,-4.800000000000182
2017-06-18,-4.799999999999727
2017-06-19,-4.800000000000182
2017-06-20,-5.700000000000273
2017-06-21,-1.599999999999909
2017-06-22,18.0
2017-06-23,4.800000000000182
2017-06-24,-8.099999999999909
2017-06-25,-8.100000000000364
2017-06-26,-8.099999999999909
2017-06-27,11.5
2017-06-28,-2.0
2017-06-29,2.300000000000182
2017-06-30,-9.599999999999909
2017-07-01,42.25
2017-07-02,42.25
2017-07-03,-59.20000000000027
2017-07-04,10.300000000000182
2017-07-05,29.15000000000009
2017-07-06,29.149999999999636
2017-07-07,-150.0999999999999
2017-07-08,57.59999999999991
2017-07-09,180.80000000000018
2017-07-10,-45.55000000000018
2017-07-11,-45.54999999999973
2017-07-12,-67.70000000000027
2017-07-13,-78.09999999999991
2017-07-14,16.5
2017-07-15,3.400000000000091
2017-07-16,3.400000000000091
2017-07-17,3.400000000000091
2017-07-18,13.599999999999909
2017-07-19,0.0
2017-07-20,-2.700000000000273
2017-07-21,20.800000000000182
2017-07-22,4.866666666666788
2017-07-23,4.866666666666333
2017-07-24,4.866666666666788
2017-07-25,-0.09999999999990905
2017-07-26,-17.40000000000009
2017-07-27,18.300000000000182
2017-07-28,7.400000000000091
2017-07-29,2.699999999999818
2017-07-30,2.700000000000273
2017-07-31,2.699999999999818
2017-08-01,30.950000000000273
2017-08-02,30.949999999999818
2017-08-03,-81.70000000000027
2017-08-04,-25.299999999999727
2017-08-05,-25.300000000000182
2017-08-06,84.90000000000009
2017-08-07,-36.79999999999973
2017-08-08,-36.80000000000018
2017-08-09,211.0999999999999
2017-08-10,-43.45000000000027
2017-08-11,-43.44999999999982
2017-08-12,-89.40000000000009
2017-08-13,25.15000000000009
2017-08-14,25.15000000000009
2017-08-15,-18.90000000000009
2017-08-16,3.199999999999818
2017-08-17,22.40000000000009
2017-08-18,21.90000000000009
2017-08-19,-0.8666666666667879
2017-08-20,-0.8666666666663332
2017-08-21,-0.8666666666667879
2017-08-22,-9.099999999999909
2017-08-23,-9.100000000000364
2017-08-24,4.800000000000182
2017-08-25,-9.300000000000182
2017-08-26,-2.799999999999727
2017-08-27,-2.800000000000182
2017-08-28,-2.799999999999727
2017-08-29,74.59999999999991
2017-08-30,-18.700000000000273
2017-08-31,5.800000000000182
2017-09-01,-118.19999999999982
2017-09-02,74.0
2017-09-03,-68.20000000000027
2017-09-04,-23.699999999999818
2017-09-05,-23.700000000000273
2017-09-06,82.80000000000018
2017-09-07,-19.59999999999991
2017-09-08,-19.59999999999991
2017-09-09,53.84999999999991
2017-09-10,53.84999999999991
2017-09-11,-0.8000000000001819
2017-09-12,24.200000000000273
2017-09-13,24.199999999999818
2017-09-14,-3.699999999999818
2017-09-15,-6.599999999999909
2017-09-16,-6.866666666666788
2017-09-17,-6.866666666666788
2017-09-18,-6.866666666666788
2017-09-19,1.1000000000003638
2017-09-20,5.199999999999818
2017-09-21,-16.300000000000182
2017-09-22,3.800000000000182
2017-09-23,4.633333333333212
2017-09-24,4.633333333333667
2017-09-25,4.633333333333212
2017-09-26,21.799999999999727
2017-09-27,-34.5
2017-09-28,-2.0
2017-09-29,-3.799999999999727
2017-09-30,-42.40000000000009
2017-10-01,-42.40000000000009
2017-10-02,28.300000000000182
2017-10-03,-62.80000000000018
2017-10-04,18.90000000000009
2017-10-05,-57.59999999999991
2017-10-06,-12.599999999999909
2017-10-07,-12.600000000000364
2017-10-08,132.80000000000018
2017-10-09,31.199999999999818
2017-10-10,31.200000000000273
2017-10-11,-8.900000000000091
2017-10-12,2.4600000000000364
2017-10-13,2.4600000000000364
2017-10-14,2.4600000000000364
2017-10-15,2.4600000000000364
2017-10-16,2.4600000000000364
2017-10-17,-25.0
2017-10-18,-8.0
2017-10-19,10.099999999999909
2017-10-20,-9.0
2017-10-21,-4.633333333333212
2017-10-22,-4.633333333333667
2017-10-23,-4.633333333333212
2017-10-24,10.599999999999909
2017-10-25,-14.400000000000091
2017-10-26,-2.599999999999909
2017-10-27,-13.799999999999727
2017-10-28,2.233333333333121
2017-10-29,2.233333333333576
2017-10-30,2.233333333333121
2017-10-31,-7.599999999999909
2017-11-01,-56.80000000000018
2017-11-02,6.200000000000273
2017-11-03,6.199999999999818
2017-11-04,6.199999999999818
2017-11-05,-73.39999999999964
2017-11-06,-9.75
2017-11-07,-9.75
2017-11-08,135.5999999999999
2017-11-09,93.79999999999973
2017-11-10,-41.59999999999991
2017-11-11,-59.90000000000009
2017-11-12,-59.899999999999636
2017-11-13,109.0
2017-11-14,-9.100000000000364
2017-11-15,12.800000000000182
2017-11-16,-8.900000000000091
2017-11-17,-0.1999999999998181
2017-11-18,1.633333333333212
2017-11-19,1.6333333333336668
2017-11-20,1.633333333333212
2017-11-21,-15.300000000000182
2017-11-22,10.199999999999818
2017-11-23,-4.699999999999818
2017-11-24,-1.099999999999909
2017-11-25,1.900000000000091
2017-11-26,1.8999999999996362
2017-11-27,1.900000000000091
2017-11-28,-9.0
2017-11-29,-17.09999999999991
2017-11-30,-4.599999999999909
2017-12-01,-19.59999999999991
2017-12-02,6.0
2017-12-03,6.0
2017-12-04,6.0
2017-12-05,-112.20000000000027
2017-12-06,85.59999999999991
2017-12-07,-101.29999999999973
2017-12-08,103.29999999999973
2017-12-09,103.30000000000018
2017-12-10,-32.5
2017-12-11,-61.09999999999991
2017-12-12,-61.09999999999991
2017-12-13,-3.900000000000091
2017-12-14,11.799999999999727
2017-12-15,-0.09999999999990905
2017-12-16,6.633333333333212
2017-12-17,6.633333333333667
2017-12-18,6.633333333333212
2017-12-19,-8.0
2017-12-20,5.599999999999909
2017-12-21,1.900000000000091
2017-12-22,-0.3000000000001819
2017-12-23,0.0
2017-12-24,0.0
2017-12-25,0.0
2017-12-26,0.8000000000001819
2017-12-27,35.09999999999991
2017-12-28,20.90000000000009
2017-12-29,-10.699999999999818
2017-12-30,0.23333333333312112
2017-12-31,0.23333333333357587
2018-01-01,0.23333333333312112
2018-01-02,108.59999999999991
2018-01-03,-14.400000000000091
2018-01-04,28.100000000000364
2018-01-05,28.09999999999991
2018-01-06,-16.0
2018-01-07,-26.59999999999991
2018-01-08,-85.40000000000009
2018-01-09,63.79999999999973
2018-01-10,74.40000000000009
2018-01-11,94.59999999999991
2018-01-12,-165.0999999999999
2018-01-13,-1.566666666666606
2018-01-14,-1.566666666666606
2018-01-15,-1.566666666666606
2018-01-16,10.099999999999909
2018-01-17,-2.800000000000182
2018-01-18,-6.399999999999636
2018-01-19,4.199999999999818
2018-01-20,0.06666666666660603
2018-01-21,0.06666666666660603
2018-01-22,0.06666666666660603
2018-01-23,-6.699999999999818
2018-01-24,33.90000000000009
2018-01-25,-2.900000000000091
2018-01-26,2.5
2018-01-27,-5.599999999999909
2018-01-28,-5.599999999999909
2018-01-29,-5.600000000000364
2018-01-30,7.300000000000182
2018-01-31,-8.199999999999818
2018-02-01,-72.80000000000018
2018-02-02,67.59999999999991
2018-02-03,29.09999999999991
2018-02-04,-1.2999999999997272
2018-02-05,29.40000000000009
2018-02-06,-16.200000000000273
2018-02-07,-42.40000000000009
2018-02-08,-77.19999999999982
2018-02-09,71.69999999999982
2018-02-10,98.80000000000018
2018-02-11,53.80000000000018
2018-02-12,-148.20000000000027
2018-02-13,-3.099999999999909
2018-02-14,14.800000000000182
2018-02-15,26.399999999999636
2018-02-16,17.5
2018-02-17,-2.099999999999909
2018-02-18,-2.099999999999909
2018-02-19,-2.099999999999909
2018-02-20,4.799999999999727
2018-02-21,-25.299999999999727
2018-02-22,4.599999999999909
2018-02-23,-5.599999999999909
2018-02-24,2.666666666666515
2018-02-25,2.66666666666697
2018-02-26,2.666666666666515
2018-02-27,-1.900000000000091
2018-02-28,-11.900000000000091
2018-03-01,-81.90000000000009
2018-03-02,34.933333333333394
2018-03-03,34.933333333333394
2018-03-04,34.933333333333394
2018-03-05,24.699999999999818
2018-03-06,-28.799999999999727
2018-03-07,-22.5
2018-03-08,-86.70000000000027
2018-03-09,75.70000000000027
2018-03-10,97.19999999999982
2018-03-11,43.59999999999991
2018-03-12,-99.39999999999964
2018-03-13,-38.70000000000027
2018-03-14,7.700000000000273
2018-03-15,-5.800000000000182
2018-03-16,-13.199999999999818
2018-03-17,5.033333333332848
2018-03-18,5.033333333333758
2018-03-19,5.033333333333303
2018-03-20,-4.200000000000273
2018-03-21,18.600000000000364
2018-03-22,12.199999999999818
2018-03-23,31.300000000000182
2018-03-24,-0.20000000000027285
2018-03-25,-0.1999999999998181
2018-03-26,-0.20000000000027285
2018-03-27,-16.899999999999636
2018-03-28,-5.900000000000091
2018-03-29,-20.300000000000182
2018-03-30,-2.099999999999909
2018-03-31,-44.19999999999982
2018-04-01,-44.20000000000027
2018-04-02,38.4666666666667
2018-04-03,38.4666666666667
2018-04-04,38.4666666666667
2018-04-05,27.90000000000009
2018-04-06,-36.5
2018-04-07,1.199999999999818
2018-04-08,-115.09999999999991
2018-04-09,65.90000000000009
2018-04-10,106.40000000000009
2018-04-11,45.399999999999636
2018-04-12,-78.0
2018-04-13,6.900000000000091
2018-04-14,6.833333333333485
2018-04-15,6.83333333333303
2018-04-16,6.833333333333485
2018-04-17,-5.900000000000091
2018-04-18,22.5
2018-04-19,12.600000000000364
2018-04-20,-23.0
2018-04-21,-4.233333333333576
2018-04-22,-4.233333333333576
2018-04-23,-4.233333333333121
2018-04-24,3.800000000000182
2018-04-25,8.199999999999818
2018-04-26,-5.5
2018-04-27,-9.299999999999727
2018-04-28,-6.466666666667152
2018-04-29,-6.466666666666242
2018-04-30,-6.466666666666697
2018-05-01,-130.30000000000018
2018-05-02,66.59999999999991
2018-05-03,15.0
2018-05-04,5.5
2018-05-05,57.40000000000009
2018-05-06,-28.59999999999991
2018-05-07,-15.699999999999818
2018-05-08,-108.30000000000018
2018-05-09,78.5
2018-05-10,117.19999999999982
2018-05-11,15.0
2018-05-12,-73.89999999999964
2018-05-13,44.899999999999636
2018-05-14,5.100000000000364
2018-05-15,-26.300000000000182
2018-05-16,-24.09999999999991
2018-05-17,6.299999999999727
2018-05-18,8.5
2018-05-19,0.1000000000003638
2018-05-20,0.0
2018-05-21,2.5
2018-05-22,1.699999999999818
2018-05-23,13.0
2018-05-24,23.0
2018-05-25,-33.30000000000018
2018-05-26,2.800000000000182
2018-05-27,0.09999999999990905
2018-05-28,-21.299999999999727
2018-05-29,24.5
2018-05-30,-13.0
2018-05-31,-6.5
2018-06-01,-33.15000000000009
2018-06-02,-33.15000000000009
2018-06-03,27.40000000000009
2018-06-04,-0.40000000000009095
2018-06-05,47.09999999999991
2018-06-06,-39.0
2018-06-07,-10.900000000000091
2018-06-08,-104.29999999999973
2018-06-09,104.90000000000009
2018-06-10,89.09999999999991
2018-06-11,14.099999999999909
2018-06-12,-66.80000000000018
2018-06-13,9.200000000000273
2018-06-14,20.699999999999818
2018-06-15,-35.90000000000009
2018-06-16,-2.899999999999636
2018-06-17,-0.8000000000001819
2018-06-18,-5.599999999999909
2018-06-19,-7.300000000000182
2018-06-20,-12.799999999999727
2018-06-21,-11.800000000000182
2018-06-22,6.699999999999818
2018-06-23,-2.899999999999636
2018-06-24,0.0
2018-06-25,3.599999999999909
2018-06-26,-4.5
2018-06-27,7.599999999999909
2018-06-28,-12.800000000000182
2018-06-29,-6.399999999999636
2018-06-30,1.5
2018-07-01,-11.150000000000091
2018-07-02,-11.150000000000091
2018-07-03,40.90000000000009
2018-07-04,30.049999999999727
2018-07-05,30.050000000000182
2018-07-06,-25.199999999999818
2018-07-07,-36.70000000000027
2018-07-08,-104.69999999999982
2018-07-09,103.29999999999973
2018-07-10,79.30000000000018
2018-07-11,3.900000000000091
2018-07-12,11.5
2018-07-13,-134.0
2018-07-14,-0.5
2018-07-15,0.0
2018-07-16,-0.20000000000027285
2018-07-17,-33.899999999999636
2018-07-18,3.799999999999727
2018-07-19,7.099999999999909
2018-07-20,10.5
2018-07-21,1.400000000000091
2018-07-22,-0.09999999999990905
2018-07-23,-6.699999999999818
2018-07-24,-3.300000000000182
2018-07-25,4.800000000000182
2018-07-26,-14.0
2018-07-27,-2.100000000000364
2018-07-28,-1.699999999999818
2018-07-29,0.0
2018-07-30,-1.800000000000182
2018-07-31,0.0
2018-08-01,-2.599999999999909
2018-08-02,32.59999999999991
2018-08-03,39.70000000000027
2018-08-04,36.25
2018-08-05,36.25
2018-08-06,-19.90000000000009
2018-08-07,-44.90000000000009
2018-08-08,-102.09999999999991
2018-08-09,100.69999999999982
2018-08-10,49.600000000000364
2018-08-11,31.699999999999818
2018-08-12,9.5
2018-08-13,-175.5999999999999
2018-08-14,-2.099999999999909
2018-08-15,-30.600000000000364
2018-08-16,-13.299999999999727
2018-08-17,13.900000000000091
2018-08-18,2.0
2018-08-19,-0.1000000000003638
2018-08-20,11.300000000000182
2018-08-21,10.800000000000182
2018-08-22,6.099999999999909
2018-08-23,-7.300000000000182
2018-08-24,25.09999999999991
2018-08-25,-0.09999999999990905
2018-08-26,0.0
2018-08-27,18.700000000000273
2018-08-28,-10.900000000000091
2018-08-29,27.199999999999818
2018-08-30,3.0
2018-08-31,-12.0
2018-09-01,-46.0
2018-09-02,35.5
2018-09-03,40.30000000000018
2018-09-04,16.699999999999818
2018-09-05,65.09999999999991
2018-09-06,-21.899999999999636
2018-09-07,-42.40000000000009
2018-09-08,-93.30000000000018
2018-09-09,89.09999999999991
2018-09-10,61.100000000000364
2018-09-11,-9.900000000000091
2018-09-12,39.59999999999991
2018-09-13,-96.40000000000009
2018-09-14,1.099999999999909
2018-09-15,-2.699999999999818
2018-09-16,0.0
2018-09-17,35.5
2018-09-18,0.09999999999990905
2018-09-19,-15.299999999999727
2018-09-20,-2.100000000000364
2018-09-21,-0.1999999999998181
2018-09-22,0.0
2018-09-23,0.1999999999998181
2018-09-24,27.700000000000273
2018-09-25,-4.900000000000091
2018-09-26,-27.09999999999991
2018-09-27,-15.300000000000182
2018-09-28,13.700000000000273
2018-09-29,1.2999999999997272
2018-09-30,0.0
2018-10-01,-73.40000000000009
2018-10-02,30.100000000000364
2018-10-03,30.09999999999991
2018-10-04,30.09999999999991
2018-10-05,52.69999999999982
2018-10-06,-29.299999999999727
2018-10-07,-48.40000000000009
2018-10-08,-79.0
2018-10-09,98.69999999999982
2018-10-10,60.40000000000009
2018-10-11,-33.09999999999991
2018-10-12,80.59999999999991
2018-10-13,-14.799999999999727
2018-10-14,0.0
2018-10-15,23.199999999999818
2018-10-16,-22.09999999999991
2018-10-17,7.699999999999818
2018-10-18,13.900000000000091
2018-10-19,-9.099999999999909
2018-10-20,-0.7000000000002728
2018-10-21,0.0
2018-10-22,-1.3999999999996362
2018-10-23,1.3999999999996362
2018-10-24,6.800000000000182
2018-10-25,-5.800000000000182
2018-10-26,1.2000000000002728
2018-10-27,-0.20000000000027285
2018-10-28,-0.1999999999998181
2018-10-29,11.5
2018-10-30,-12.400000000000091
2018-10-31,-0.900000000000091
2018-11-01,-189.0
2018-11-02,40.600000000000364
2018-11-03,40.59999999999991
2018-11-04,40.59999999999991
2018-11-05,29.0
2018-11-06,-36.09999999999991
2018-11-07,-73.59999999999991
2018-11-08,-58.40000000000009
2018-11-09,104.59999999999991
2018-11-10,107.69999999999982
2018-11-11,-78.39999999999964
2018-11-12,64.0
2018-11-13,-97.60000000000036
2018-11-14,19.300000000000182
2018-11-15,-8.699999999999818
2018-11-16,19.199999999999818
2018-11-17,-1.800000000000182
2018-11-18,0.0
2018-11-19,-6.399999999999636
2018-11-20,-8.100000000000364
2018-11-21,0.1000000000003638
2018-11-22,-4.300000000000182
2018-11-23,-25.40000000000009
2018-11-24,0.40000000000009095
2018-11-25,1.099999999999909
2018-11-26,2.800000000000182
2018-11-27,-15.300000000000182
2018-11-28,1.099999999999909
2018-11-29,-20.299999999999727
2018-11-30,-3.800000000000182
2018-12-01,-27.0
2018-12-02,19.40000000000009
2018-12-03,23.09999999999991
2018-12-04,59.20000000000027
2018-12-05,39.79999999999973
2018-12-06,-38.19999999999982
2018-12-07,-77.80000000000018
2018-12-08,-48.69999999999982
2018-12-09,98.5
2018-12-10,96.59999999999991
2018-12-11,-70.19999999999982
2018-12-12,61.19999999999982
2018-12-13,-20.90000000000009
2018-12-14,8.700000000000273
2018-12-15,0.09999999999990905
2018-12-16,0.0
2018-12-17,3.5
2018-12-18,-45.70000000000027
2018-12-19,-6.299999999999727
2018-12-20,27.09999999999991
2018-12-21,-11.099999999999909
2018-12-22,-0.20000000000027285
2018-12-23,-0.3999999999996362
2018-12-24,24.59999999999991
2018-12-25,5.5
2018-12-26,-8.400000000000091
2018-12-27,22.5
2018-12-28,-2.5
2018-12-29,0.0
2018-12-30,0.0
2018-12-31,-9.900000000000091
2019-01-01,6.700000000000273
2019-01-02,158.69999999999982
2019-01-03,-76.0
2019-01-04,-89.80000000000018
2019-01-05,-5.299999999999727
2019-01-06,61.90000000000009
2019-01-07,146.19999999999982
2019-01-08,147.4000000000001
2019-01-09,298.2999999999997
2019-01-10,-128.79999999999973
2019-01-11,46.40000000000009
2019-01-12,-52.600000000000364
2019-01-13,-462.89999999999964
2019-01-14,24.5
2019-01-15,12.699999999999818
2019-01-16,1.300000000000182
2019-01-17,-3.300000000000182
2019-01-18,-12.699999999999818
2019-01-19,-1.1000000000003638
2019-01-20,0.0
2019-01-21,-5.099999999999909
2019-01-22,14.300000000000182
2019-01-23,-7.900000000000091
2019-01-24,-13.800000000000182
2019-01-25,39.40000000000009
2019-01-26,11.5
2019-01-27,0.0
2019-01-28,1.900000000000091
2019-01-29,35.19999999999982
2019-01-30,-3.199999999999818
2019-01-31,5.599999999999909
2019-02-01,-129.0
2019-02-02,143.9000000000001
2019-02-03,-76.19999999999982
2019-02-04,-90.30000000000018
2019-02-05,-24.199999999999818
2019-02-06,82.59999999999991
2019-02-07,210.4000000000001
2019-02-08,95.69999999999982
2019-02-09,312.6999999999998
2019-02-10,-109.89999999999964
2019-02-11,2.899999999999636
2019-02-12,-62.399999999999636
2019-02-13,-395.4000000000001
2019-02-14,23.5
2019-02-15,34.0
2019-02-16,-1.2000000000002728
2019-02-17,-0.1999999999998181
2019-02-18,15.099999999999909
2019-02-19,26.09999999999991
2019-02-20,-10.099999999999909
2019-02-21,-25.699999999999818
2019-02-22,-4.300000000000182
2019-02-23,1.099999999999909
2019-02-24,0.0
2019-02-25,-8.299999999999727
2019-02-26,7.0
2019-02-27,-12.700000000000273
2019-02-28,-26.299999999999727
2019-03-01,-78.70000000000027
2019-03-02,114.60000000000036
2019-03-03,-76.0
2019-03-04,-114.60000000000036
2019-03-05,5.200000000000273
2019-03-06,103.29999999999973
2019-03-07,190.5
2019-03-08,89.80000000000018
2019-03-09,358.5999999999999
2019-03-10,-146.69999999999982
2019-03-11,-6.200000000000273
2019-03-12,-19.899999999999636
2019-03-13,-475.10000000000036
2019-03-14,-46.19999999999982
2019-03-15,-5.199999999999818
2019-03-16,2.199999999999818
2019-03-17,0.0
2019-03-18,-15.699999999999818
2019-03-19,27.0
2019-03-20,-4.5
2019-03-21,-4.0
2019-03-22,31.199999999999818
2019-03-23,-1.099999999999909
2019-03-24,-0.09999999999990905
2019-03-25,9.899999999999636
2019-03-26,-10.299999999999727
2019-03-27,-15.099999999999909
2019-03-28,-34.600000000000364
2019-03-29,12.400000000000091
2019-03-30,2.200000000000273
2019-03-31,0.0
2019-04-01,-13.300000000000182
2019-04-02,155.69999999999982
2019-04-03,-92.39999999999964
2019-04-04,-66.10000000000036
2019-04-05,-24.299999999999727
2019-04-06,110.40000000000009
2019-04-07,164.79999999999973
2019-04-08,106.40000000000009
2019-04-09,368.9000000000001
2019-04-10,-169.0999999999999
2019-04-11,9.099999999999909
2019-04-12,-46.70000000000027
2019-04-13,-517.7999999999997
2019-04-14,0.29999999999972715
2019-04-15,5.700000000000273
2019-04-16,-22.90000000000009
2019-04-17,-9.0
2019-04-18,1.699999999999818
2019-04-19,-1.2999999999997272
2019-04-20,1.099999999999909
2019-04-21,0.0
2019-04-22,11.800000000000182
2019-04-23,-4.300000000000182
2019-04-24,18.699999999999818
2019-04-25,10.400000000000091
2019-04-26,4.900000000000091
2019-04-27,0.1999999999998181
2019-04-28,0.0
2019-04-29,-15.0
2019-04-30,-2.099999999999909
2019-05-01,1.900000000000091
2019-05-02,149.9000000000001
2019-05-03,-103.70000000000027
2019-05-04,-44.09999999999991
2019-05-05,-30.199999999999818
2019-05-06,123.69999999999982
2019-05-07,112.90000000000009
2019-05-08,263.6999999999998
2019-05-09,163.20000000000027
2019-05-10,-83.90000000000009
2019-05-11,-47.19999999999982
2019-05-12,2.199999999999818
2019-05-13,-432.0999999999999
2019-05-14,-14.200000000000273
2019-05-15,-4.599999999999909
2019-05-16,-24.40000000000009
2019-05-17,-13.399999999999636
2019-05-18,-0.40000000000009095
2019-05-19,0.0
2019-05-20,-19.09999999999991
2019-05-21,-15.800000000000182
2019-05-22,-1.900000000000091
2019-05-23,22.40000000000009
2019-05-24,-8.800000000000182
2019-05-25,-0.599999999999909
2019-05-26,-0.40000000000009095
2019-05-27,5.400000000000091
2019-05-28,-5.599999999999909
2019-05-29,7.400000000000091
2019-05-30,16.59999999999991
2019-05-31,30.90000000000009
2019-06-01,-47.80000000000018
2019-06-02,137.0999999999999
2019-06-03,-112.0
2019-06-04,-22.799999999999727
2019-06-05,-23.300000000000182
2019-06-06,109.09999999999991
2019-06-07,117.5
2019-06-08,280.8000000000002
2019-06-09,109.40000000000009
2019-06-10,-44.40000000000009
2019-06-11,-19.199999999999818
2019-06-12,-59.5
2019-06-13,-346.4000000000001
2019-06-14,14.400000000000091
2019-06-15,-0.1000000000003638
2019-06-16,0.0
2019-06-17,-4.699999999999818
2019-06-18,-1.400000000000091
2019-06-19,24.09999999999991
2019-06-20,72.5
2019-06-21,26.600000000000364
2019-06-22,-1.1000000000003638
2019-06-23,0.0
2019-06-24,31.200000000000273
2019-06-25,11.299999999999727
2019-06-26,-37.59999999999991
2019-06-27,-7.0
2019-06-28,0.5
2019-06-29,-2.599999999999909
2019-06-30,0.0
2019-07-01,-232.4000000000001
2019-07-02,112.20000000000027
2019-07-03,-102.0
2019-07-04,-27.90000000000009
2019-07-05,0.09999999999990905
2019-07-06,116.59999999999991
2019-07-07,86.59999999999991
2019-07-08,342.2000000000003
2019-07-09,52.59999999999991
2019-07-10,-64.5
2019-07-11,-58.0
2019-07-12,-4.900000000000091
2019-07-13,-225.9000000000001
2019-07-14,0.0
2019-07-15,-2.0
2019-07-16,-18.799999999999727
2019-07-17,53.59999999999991
2019-07-18,39.0
2019-07-19,-34.19999999999982
2019-07-20,1.2999999999997272
2019-07-21,0.0
2019-07-22,0.599999999999909
2019-07-23,-10.399999999999636
2019-07-24,11.799999999999727
2019-07-25,-16.199999999999818
2019-07-26,-6.0
2019-07-27,1.2999999999997272
2019-07-28,0.0
2019-07-29,12.400000000000091
2019-07-30,15.5
2019-07-31,-25.199999999999818
2019-08-01,-244.30000000000018
2019-08-02,112.30000000000018
2019-08-03,-83.70000000000027
2019-08-04,-24.09999999999991
2019-08-05,-28.90000000000009
2019-08-06,117.30000000000018
2019-08-07,81.59999999999991
2019-08-08,335.0999999999999
2019-08-09,65.30000000000018
2019-08-10,-24.699999999999818
2019-08-11,-94.80000000000018
2019-08-12,-7.900000000000091
2019-08-13,76.5
2019-08-14,55.40000000000009
2019-08-15,20.300000000000182
2019-08-16,-30.700000000000273
2019-08-17,-9.0
2019-08-18,-0.09999999999990905
2019-08-19,-9.300000000000182
2019-08-20,16.90000000000009
2019-08-21,-16.299999999999727
2019-08-22,14.5
2019-08-23,60.0
2019-08-24,-0.8000000000001819
2019-08-25,0.0
2019-08-26,2.199999999999818
2019-08-27,21.300000000000182
2019-08-28,4.900000000000091
2019-08-29,-30.5
2019-08-30,-7.5
2019-08-31,-1.7000000000002728
2019-09-01,-582.8999999999996
2019-09-02,77.19999999999982
2019-09-03,-84.0
2019-09-04,-17.699999999999818
2019-09-05,-13.800000000000182
2019-09-06,100.5
2019-09-07,86.90000000000009
2019-09-08,341.2999999999997
2019-09-09,41.0
2019-09-10,-15.899999999999636
2019-09-11,-98.60000000000036
2019-09-12,-13.799999999999727
2019-09-13,64.19999999999982
2019-09-14,3.400000000000091
2019-09-15,0.0
2019-09-16,59.09999999999991
2019-09-17,-12.400000000000091
2019-09-18,-28.199999999999818
2019-09-19,21.300000000000182
2019-09-20,32.0
2019-09-21,-0.7000000000002728
2019-09-22,0.0
2019-09-23,-3.0
2019-09-24,27.40000000000009
2019-09-25,-60.59999999999991
2019-09-26,-0.599999999999909
2019-09-27,-32.40000000000009
2019-09-28,-9.099999999999909
2019-09-29,6.899999999999636
2019-09-30,-54.09999999999991
2019-10-01,-429.1999999999998
2019-10-02,90.09999999999991
2019-10-03,-83.69999999999982
2019-10-04,-12.700000000000273
2019-10-05,-16.90000000000009
2019-10-06,75.5
2019-10-07,148.4000000000001
2019-10-08,302.7000000000003
2019-10-09,16.899999999999636
2019-10-10,-28.59999999999991
2019-10-11,-61.90000000000009
2019-10-12,-9.199999999999818
2019-10-13,59.80000000000018
2019-10-14,18.399999999999636
2019-10-15,-10.599999999999909
2019-10-16,14.0
2019-10-17,-4.099999999999909
2019-10-18,-8.099999999999909
2019-10-19,-0.8000000000001819
2019-10-20,0.0
2019-10-21,-22.09999999999991
2019-10-22,6.599999999999909
2019-10-23,1.599999999999909
2019-10-24,36.90000000000009
2019-10-25,-1.900000000000091
2019-10-26,-0.6999999999998181
2019-10-27,0.0
2019-10-28,-30.699999999999818
2019-10-29,-1.900000000000091
2019-10-30,14.599999999999909
2019-10-31,47.80000000000018
2019-11-01,-541.1000000000004
2019-11-02,82.80000000000018
2019-11-03,-96.69999999999982
2019-11-04,-31.800000000000182
2019-11-05,22.800000000000182
2019-11-06,68.69999999999982
2019-11-07,137.4000000000001
2019-11-08,321.9000000000001
2019-11-09,19.0
2019-11-10,-48.80000000000018
2019-11-11,-37.30000000000018
2019-11-12,3.700000000000273
2019-11-13,39.40000000000009
2019-11-14,8.5
2019-11-15,-26.100000000000364
2019-11-16,3.100000000000364
2019-11-17,0.0
2019-11-18,21.09999999999991
2019-11-19,-0.20000000000027285
2019-11-20,-4.099999999999909
2019-11-21,-18.59999999999991
2019-11-22,-4.300000000000182
2019-11-23,-0.09999999999990905
2019-11-24,0.0
2019-11-25,-21.699999999999818
2019-11-26,6.699999999999818
2019-11-27,-27.5
2019-11-28,14.300000000000182
2019-11-29,30.299999999999727
2019-11-30,0.0
2019-12-01,-462.89999999999964
2019-12-02,58.59999999999991
2019-12-03,-60.0
2019-12-04,-42.90000000000009
2019-12-05,21.800000000000182
2019-12-06,84.29999999999973
2019-12-07,141.9000000000001
2019-12-08,346.0
2019-12-09,-43.90000000000009
2019-12-10,-23.199999999999818
2019-12-11,-29.0
2019-12-12,-35.09999999999991
2019-12-13,25.0
2019-12-14,-4.800000000000182
2019-12-15,0.0
2019-12-16,12.0
2019-12-17,3.900000000000091
2019-12-18,-1.599999999999909
2019-12-19,20.09999999999991
2019-12-20,-10.599999999999909
2019-12-21,1.8999999999996362
2019-12-22,1.400000000000091
2019-12-23,22.90000000000009
2019-12-24,33.0
2019-12-25,-3.0
2019-12-26,27.90000000000009
2019-12-27,13.0
2019-12-28,-4.700000000000273
2019-12-29,0.0
2019-12-30,5.200000000000273
2019-12-31,7.900000000000091
2020-01-01,0.29999999999972715
2020-01-02,171.70000000000027
2020-01-03,23.5
2020-01-04,236.19999999999982
2020-01-05,236.89999999999964
2020-01-06,70.40000000000055
2020-01-07,77.0
2020-01-08,454.6999999999998
2020-01-09,-126.30000000000018
2020-01-10,-140.69999999999982
2020-01-11,24.300000000000182
2020-01-12,-224.5
2020-01-13,-764.7000000000003
2020-01-14,1.099999999999909
2020-01-15,11.800000000000182
2020-01-16,7.5
2020-01-17,22.5
2020-01-18,-8.400000000000091
2020-01-19,0.0
2020-01-20,8.200000000000273
2020-01-21,3.599999999999909
2020-01-22,-7.0
2020-01-23,27.40000000000009
2020-01-24,13.299999999999727
2020-01-25,0.0
2020-01-26,0.0
2020-01-27,29.700000000000273
2020-01-28,-37.100000000000364
2020-01-29,18.90000000000009
2020-01-30,17.5
2020-01-31,21.200000000000273
2020-02-01,-150.70000000000027
2020-02-02,153.70000000000027
2020-02-03,67.0
2020-02-04,235.5999999999999
2020-02-05,188.0999999999999
2020-02-06,20.600000000000364
2020-02-07,100.29999999999927
2020-02-08,487.10000000000036
2020-02-09,-182.19999999999982
2020-02-10,-91.5
2020-02-11,55.899999999999636
2020-02-12,-200.0
2020-02-13,-722.8999999999996
2020-02-14,28.899999999999636
2020-02-15,2.300000000000182
2020-02-16,0.0
2020-02-17,-17.199999999999818
2020-02-18,57.19999999999982
2020-02-19,17.59999999999991
2020-02-20,45.30000000000018
2020-02-21,54.59999999999991
2020-02-22,-3.099999999999909
2020-02-23,0.0
2020-02-24,37.19999999999982
2020-02-25,-28.299999999999727
2020-02-26,-11.700000000000273
2020-02-27,-17.199999999999818
2020-02-28,-102.59999999999991
2020-02-29,2.5
2020-03-01,-107.40000000000009
2020-03-02,45.40000000000009
2020-03-03,233.79999999999973
2020-03-04,134.5
2020-03-05,148.4000000000001
2020-03-06,-21.0
2020-03-07,148.5
2020-03-08,514.8000000000002
2020-03-09,-216.19999999999982
2020-03-10,-81.0
2020-03-11,100.0
2020-03-12,-208.0
2020-03-13,-762.9000000000005
2020-03-14,29.600000000000364
2020-03-15,0.0
2020-03-16,-62.0
2020-03-17,64.59999999999991
2020-03-18,-42.40000000000009
2020-03-19,-47.40000000000009
2020-03-20,63.20000000000027
2020-03-21,27.699999999999818
2020-03-22,0.0
2020-03-23,179.19999999999982
2020-03-24,155.60000000000036
2020-03-25,-54.80000000000018
2020-03-26,-7.199999999999818
2020-03-27,-11.900000000000091
2020-03-28,-1.800000000000182
2020-03-29,31.0
2020-03-30,2.400000000000091
2020-03-31,-109.09999999999991
2020-04-01,-244.9000000000001
2020-04-02,-28.0
2020-04-03,324.3000000000002
2020-04-04,104.19999999999982
2020-04-05,164.5
2020-04-06,22.199999999999818
2020-04-07,93.69999999999982
2020-04-08,601.1000000000004
2020-04-09,-311.8000000000002
2020-04-10,-71.09999999999945
2020-04-11,52.0
2020-04-12,-174.30000000000018
2020-04-13,-146.19999999999982
2020-04-14,4.599999999999454
2020-04-15,16.400000000000546
2020-04-16,16.299999999999272
2020-04-17,-99.09999999999945
2020-04-18,-6.699999999999818
2020-04-19,0.0
2020-04-20,39.69999999999982
2020-04-21,-15.199999999999818
2020-04-22,51.19999999999982
2020-04-23,18.399999999999636
2020-04-24,7.300000000000182
2020-04-25,-6.5
2020-04-26,-1.1000000000003638
2020-04-27,-35.899999999999636
2020-04-28,-17.899999999999636
2020-04-29,-29.100000000000364
2020-04-30,-63.90000000000009
2020-05-01,-509.0999999999999
2020-05-02,-14.5
2020-05-03,403.8000000000002
2020-05-04,11.199999999999818
2020-05-05,180.10000000000036
2020-05-06,-73.80000000000018
2020-05-07,174.09999999999945
2020-05-08,641.4000000000005
2020-05-09,-351.0
2020-05-10,-59.100000000000364
2020-05-11,145.30000000000018
2020-05-12,-277.39999999999964
2020-05-13,-200.20000000000073
2020-05-14,37.400000000000546
2020-05-15,53.5
2020-05-16,4.599999999999454
2020-05-17,0.0
2020-05-18,-41.19999999999982
2020-05-19,36.600000000000364
2020-05-20,-0.3000000000001819
2020-05-21,-54.80000000000018
2020-05-22,43.900000000000546
2020-05-23,2.2999999999992724
2020-05-24,0.0
2020-05-25,-24.099999999999454
2020-05-26,-58.19999999999982
2020-05-27,19.5
2020-05-28,3.199999999999818
2020-05-29,19.0
2020-05-30,3.199999999999818
2020-05-31,0.0
2020-06-01,-591.0999999999999
2020-06-02,-24.40000000000009
2020-06-03,436.1999999999998
2020-06-04,44.40000000000009
2020-06-05,63.09999999999991
2020-06-06,-39.69999999999982
2020-06-07,192.0
2020-06-08,687.8000000000002
2020-06-09,-421.5
2020-06-10,-88.0
2020-06-11,180.09999999999945
2020-06-12,-283.2999999999993
2020-06-13,-130.70000000000073
2020-06-14,0.0
2020-06-15,-17.599999999999454
2020-06-16,28.599999999999454
2020-06-17,-1.5
2020-06-18,-2.899999999999636
2020-06-19,38.19999999999982
2020-06-20,-4.300000000000182
2020-06-21,0.0
2020-06-22,9.800000000000182
2020-06-23,29.100000000000364
2020-06-24,-7.400000000000546
2020-06-25,-19.599999999999454
2020-06-26,23.399999999999636
2020-06-27,-1.199999999999818
2020-06-28,0.0
2020-06-29,-2.600000000000364
2020-06-30,25.100000000000364
2020-07-01,-694.5999999999999
2020-07-02,-17.700000000000273
2020-07-03,369.4000000000001
2020-07-04,38.70000000000027
2020-07-05,161.09999999999945
2020-07-06,-90.39999999999964
2020-07-07,233.69999999999982
2020-07-08,571.9000000000005
2020-07-09,-345.0
2020-07-10,-103.30000000000018
2020-07-11,192.30000000000018
2020-07-12,-232.90000000000055
2020-07-13,-53.30000000000018
2020-07-14,26.700000000000728
2020-07-15,-6.600000000000364
2020-07-16,-34.600000000000364
2020-07-17,20.400000000000546
2020-07-18,-3.5
2020-07-19,0.0
2020-07-20,9.899999999999636
2020-07-21,41.600000000000364
2020-07-22,71.39999999999964
2020-07-23,58.69999999999982
2020-07-24,30.200000000000728
2020-07-25,-2.2000000000007276
2020-07-26,0.0
2020-07-27,89.90000000000055
2020-07-28,44.69999999999982
2020-07-29,31.399999999999636
2020-07-30,-34.19999999999982
2020-07-31,58.0
2020-08-01,-1187.1
2020-08-02,40.40000000000009
2020-08-03,372.0999999999999
2020-08-04,34.70000000000027
2020-08-05,122.30000000000018
2020-08-06,-22.100000000000364
2020-08-07,239.69999999999982
2020-08-08,542.4000000000005
2020-08-09,-322.90000000000055
2020-08-10,-115.30000000000018
2020-08-11,180.20000000000073
2020-08-12,-208.20000000000073
2020-08-13,264.8000000000002
2020-08-14,-24.599999999999454
2020-08-15,4.5
2020-08-16,0.0
2020-08-17,91.29999999999927
2020-08-18,29.100000000000364
2020-08-19,-125.10000000000036
2020-08-20,33.0
2020-08-21,-34.79999999999927
2020-08-22,-5.700000000000728
2020-08-23,0.0
2020-08-24,-74.89999999999964
2020-08-25,12.100000000000364
2020-08-26,57.899999999999636
2020-08-27,-84.60000000000036
2020-08-28,43.400000000000546
2020-08-29,-3.199999999999818
2020-08-30,0.0
2020-08-31,29.5
2020-09-01,-1091.7000000000003
2020-09-02,56.09999999999991
2020-09-03,399.6999999999998
2020-09-04,102.5
2020-09-05,24.400000000000546
2020-09-06,24.799999999999272
2020-09-07,192.80000000000018
2020-09-08,541.3000000000002
2020-09-09,-305.3000000000002
2020-09-10,-68.69999999999982
2020-09-11,-79.69999999999982
2020-09-12,-90.69999999999982
2020-09-13,233.09999999999945
2020-09-14,34.5
2020-09-15,2.5
2020-09-16,9.900000000000546
2020-09-17,-33.900000000000546
2020-09-18,16.800000000000182
2020-09-19,-0.3000000000001819
2020-09-20,0.0
2020-09-21,-96.0
2020-09-22,-27.399999999999636
2020-09-23,-74.80000000000018
2020-09-24,10.699999999999818
2020-09-25,-18.300000000000182
2020-09-26,0.2000000000007276
2020-09-27,0.0
2020-09-28,54.5
2020-09-29,32.899999999999636
2020-09-30,-31.800000000000182
2020-10-01,-908.0
2020-10-02,52.40000000000009
2020-10-03,287.0
2020-10-04,228.00000000000045
2020-10-05,15.199999999999818
2020-10-06,88.19999999999982
2020-10-07,119.60000000000036
2020-10-08,528.0
2020-10-09,-282.7000000000007
2020-10-10,-67.09999999999945
2020-10-11,-45.69999999999982
2020-10-12,-130.30000000000018
2020-10-13,117.39999999999964
2020-10-14,12.699999999999818
2020-10-15,19.900000000000546
2020-10-16,-14.699999999999818
2020-10-17,-1.9000000000005457
2020-10-18,0.0
2020-10-19,4.300000000000182
2020-10-20,22.800000000000182
2020-10-21,46.599999999999454
2020-10-22,-45.399999999999636
2020-10-23,4.899999999999636
2020-10-24,0.0
2020-10-25,0.0
2020-10-26,7.5
2020-10-27,3.600000000000364
2020-10-28,-50.600000000000364
2020-10-29,-3.899999999999636
2020-10-30,27.899999999999636
2020-10-31,5.200000000000728
2020-11-01,-940.0000000000005
2020-11-02,31.09999999999991
2020-11-03,304.2000000000003
2020-11-04,224.0999999999999
2020-11-05,18.800000000000182
2020-11-06,86.69999999999982
2020-11-07,117.19999999999982
2020-11-08,253.10000000000036
2020-11-09,-15.600000000000364
2020-11-10,-59.899999999999636
2020-11-11,-62.100000000000364
2020-11-12,-107.09999999999945
2020-11-13,164.19999999999982
2020-11-14,2.399999999999636
2020-11-15,0.0
2020-11-16,-11.5
2020-11-17,2.300000000000182
2020-11-18,-49.69999999999982
2020-11-19,-22.5
2020-11-20,22.699999999999818
2020-11-21,-3.5
2020-11-22,0.0
2020-11-23,-71.80000000000018
2020-11-24,-98.30000000000018
2020-11-25,-1.699999999999818
2020-11-26,4.199999999999818
2020-11-27,-45.79999999999927
2020-11-28,1.2999999999992724
2020-11-29,0.0
2020-11-30,-11.799999999999272
2020-12-01,-671.0000000000005
2020-12-02,22.5
2020-12-03,163.80000000000018
2020-12-04,373.0999999999999
2020-12-05,-5.899999999999636
2020-12-06,109.39999999999964
2020-12-07,119.19999999999982
2020-12-08,252.10000000000036
2020-12-09,-14.600000000000364
2020-12-10,-53.099999999999454
2020-12-11,-29.200000000000728
2020-12-12,-141.79999999999927
2020-12-13,0.0
2020-12-14,-41.5
2020-12-15,54.599999999999454
2020-12-16,38.0
2020-12-17,41.69999999999982
2020-12-18,-10.099999999999454
2020-12-19,5.300000000000182
2020-12-20,0.0
2020-12-21,11.099999999999454
2020-12-22,-31.099999999999454
2020-12-23,11.299999999999272
2020-12-24,4.900000000000546
2020-12-25,-1.4000000000005457
2020-12-26,0.0
2020-12-27,17.600000000000364
2020-12-28,-30.899999999999636
2020-12-29,3.0
2020-12-30,14.299999999999272
2020-12-31,-1.5
2021-01-01,2.7000000000007276
2021-01-02,-77.80000000000018
2021-01-03,-315.0
2021-01-04,15.5
2021-01-05,141.80000000000018
2021-01-06,234.29999999999927
2021-01-07,-191.89999999999964
2021-01-08,81.10000000000036
2021-01-09,-81.40000000000055
2021-01-10,-63.0
2021-01-11,121.5
2021-01-12,-22.300000000000182
2021-01-13,65.90000000000055
2021-01-14,-21.900000000000546
2021-01-15,-36.19999999999982
2021-01-16,-4.599999999999454
2021-01-17,1.8999999999996362
2021-01-18,26.399999999999636
2021-01-19,4.200000000000728
2021-01-20,52.599999999999454
2021-01-21,4.300000000000182
2021-01-22,-29.100000000000364
2021-01-23,-4.099999999999454
2021-01-24,0.0
2021-01-25,0.5
2021-01-26,-11.600000000000364
2021-01-27,-18.800000000000182
2021-01-28,-4.099999999999454
2021-01-29,17.899999999999636
2021-01-30,-2.800000000000182
2021-01-31,0.0
2021-02-01,116.60000000000036
2021-02-02,-144.80000000000018
2021-02-03,-216.79999999999973
2021-02-04,7.699999999999818
2021-02-05,118.50000000000045
2021-02-06,262.09999999999945
2021-02-07,-194.19999999999982
2021-02-08,52.19999999999982
2021-02-09,-84.30000000000018
2021-02-10,-52.69999999999982
2021-02-11,91.90000000000055
2021-02-12,-26.700000000000728
2021-02-13,-4.299999999999272
2021-02-14,0.0
2021-02-15,-11.0
2021-02-16,-40.30000000000018
2021-02-17,-58.400000000000546
2021-02-18,-6.599999999999454
2021-02-19,10.699999999999818
2021-02-20,9.199999999999818
2021-02-21,0.1999999999998181
2021-02-22,47.100000000000364
2021-02-23,-8.899999999999636
2021-02-24,-17.300000000000182
2021-02-25,-28.400000000000546
2021-02-26,-58.79999999999973
2021-02-27,8.799999999999727
2021-02-28,0.0
2021-03-01,345.10000000000036
2021-03-02,-159.0
2021-03-03,-260.8000000000002
2021-03-04,65.80000000000018
2021-03-05,157.10000000000036
2021-03-06,141.19999999999982
2021-03-07,-113.60000000000036
2021-03-08,40.19999999999982
2021-03-09,-29.699999999999818
2021-03-10,-93.5
2021-03-11,43.900000000000546
2021-03-12,76.0
2021-03-13,-280.7000000000003
2021-03-14,0.09999999999990905
2021-03-15,-0.900000000000091
2021-03-16,1.400000000000091
2021-03-17,19.800000000000182
2021-03-18,-0.7000000000002728
2021-03-19,2.200000000000273
2021-03-20,6.799999999999727
2021-03-21,0.0
2021-03-22,-19.5
2021-03-23,-12.199999999999818
2021-03-24,16.59999999999991
2021-03-25,-18.5
2021-03-26,5.699999999999818
2021-03-27,-1.7999999999997272
2021-03-28,0.0
2021-03-29,-32.90000000000009
2021-03-30,-30.699999999999818
2021-03-31,47.899999999999636
2021-04-01,540.9000000000005
2021-04-02,-349.90000000000055
2021-04-03,-214.5999999999999
2021-04-04,99.40000000000009
2021-04-05,123.60000000000036
2021-04-06,214.29999999999927
2021-04-07,-153.19999999999982
2021-04-08,42.0
2021-04-09,-32.899999999999636
2021-04-10,-51.600000000000364
2021-04-11,60.400000000000546
2021-04-12,15.199999999999818
2021-04-13,-94.90000000000055
2021-04-14,-28.399999999999636
2021-04-15,50.0
2021-04-16,16.699999999999818
2021-04-17,-0.3000000000001819
2021-04-18,-0.6999999999998181
2021-04-19,8.400000000000546
2021-04-20,46.399999999999636
2021-04-21,34.19999999999982
2021-04-22,-35.599999999999454
2021-04-23,-33.0
2021-04-24,1.5
2021-04-25,0.0
2021-04-26,3.699999999999818
2021-04-27,-21.900000000000546
2021-04-28,-0.3999999999996362
2021-04-29,-30.800000000000182
2021-04-30,-16.0
2021-05-01,374.60000000000036
2021-05-02,-348.5
2021-05-03,-242.10000000000036
2021-05-04,74.10000000000036
2021-05-05,166.59999999999945
2021-05-06,196.0
2021-05-07,-152.59999999999945
2021-05-08,31.0
2021-05-09,-22.0
2021-05-10,-69.80000000000018
2021-05-11,114.89999999999964
2021-05-12,-21.099999999999454
2021-05-13,1.699999999999818
2021-05-14,24.600000000000364
2021-05-15,3.5999999999994543
2021-05-16,0.0
2021-05-17,51.19999999999982
2021-05-18,-1.7999999999992724
2021-05-19,11.799999999999272
2021-05-20,2.7000000000007276
2021-05-21,-1.2000000000007276
2021-05-22,2.4000000000005457
2021-05-23,0.0
2021-05-24,6.099999999999454
2021-05-25,32.80000000000018
2021-05-26,-17.899999999999636
2021-05-27,7.099999999999454
2021-05-28,-4.599999999999454
2021-05-29,-0.6000000000003638
2021-05-30,0.0
2021-05-31,14.100000000000364
2021-06-01,73.80000000000018
2021-06-02,-273.8000000000002
2021-06-03,-243.4000000000001
2021-06-04,116.20000000000027
2021-06-05,176.09999999999945
2021-06-06,138.69999999999982
2021-06-07,-113.09999999999945
2021-06-08,-116.5
2021-06-09,83.19999999999982
2021-06-10,-46.19999999999982
2021-06-11,96.30000000000018
2021-06-12,-26.600000000000364
2021-06-13,110.10000000000036
2021-06-14,-28.100000000000364
2021-06-15,-7.800000000000182
2021-06-16,-44.69999999999982
2021-06-17,-107.80000000000018
2021-06-18,-29.899999999999636
2021-06-19,4.399999999999636
2021-06-20,0.0
2021-06-21,43.5
2021-06-22,-10.5
2021-06-23,-0.3999999999996362
2021-06-24,-6.5
2021-06-25,13.099999999999454
2021-06-26,3.4000000000005457
2021-06-27,2.0999999999994543
2021-06-28,-2.699999999999818
2021-06-29,-43.899999999999636
2021-06-30,26.899999999999636
2021-07-01,297.90000000000055
2021-07-02,-283.8000000000002
2021-07-03,-243.4000000000001
2021-07-04,153.5999999999999
2021-07-05,161.80000000000018
2021-07-06,128.80000000000018
2021-07-07,-109.30000000000018
2021-07-08,-128.60000000000036
2021-07-09,23.900000000000546
2021-07-10,-7.800000000000182
2021-07-11,112.30000000000018
2021-07-12,-5.800000000000182
2021-07-13,8.300000000000182
2021-07-14,35.69999999999982
2021-07-15,8.399999999999636
2021-07-16,-36.0
2021-07-17,0.5
2021-07-18,0.0
2021-07-19,19.199999999999818
2021-07-20,-28.299999999999272
2021-07-21,-21.5
2021-07-22,8.399999999999636
2021-07-23,-14.899999999999636
2021-07-24,2.5999999999994543
2021-07-25,0.0
2021-07-26,-12.399999999999636
2021-07-27,14.300000000000182
2021-07-28,9.099999999999454
2021-07-29,40.19999999999982
2021-07-30,-26.199999999999818
2021-07-31,-0.5999999999994543
2021-08-01,16.199999999999818
2021-08-02,-53.400000000000546
2021-08-03,-326.59999999999945
2021-08-04,236.5
2021-08-05,103.09999999999945
2021-08-06,129.40000000000055
2021-08-07,-109.10000000000036
2021-08-08,-110.19999999999982
2021-08-09,19.800000000000182
2021-08-10,-6.600000000000364
2021-08-11,101.5
2021-08-12,-7.199999999999818
2021-08-13,-88.5
2021-08-14,3.800000000000182
2021-08-15,0.0
2021-08-16,15.699999999999818
2021-08-17,5.800000000000182
2021-08-18,-1.4000000000005457
2021-08-19,-5.399999999999636
2021-08-20,-4.0
2021-08-21,-2.100000000000364
2021-08-22,2.800000000000182
2021-08-23,42.19999999999982
2021-08-24,0.4000000000005457
2021-08-25,-34.30000000000018
2021-08-26,6.600000000000364
2021-08-27,26.5
2021-08-28,-5.5
2021-08-29,0.0
2021-08-30,-26.5
2021-08-31,-8.100000000000364
2021-09-01,98.80000000000018
2021-09-02,-53.400000000000546
2021-09-03,-280.7999999999997
2021-09-04,163.50000000000045
2021-09-05,126.29999999999927
2021-09-06,118.5
2021-09-07,-100.39999999999964
2021-09-08,-189.10000000000036
2021-09-09,101.0
2021-09-10,1.1000000000003638
2021-09-11,122.0
2021-09-12,-47.0
2021-09-13,-77.30000000000018
2021-09-14,33.19999999999982
2021-09-15,-38.19999999999982
2021-09-16,-89.30000000000018
2021-09-17,0.7000000000007276
2021-09-18,8.5
2021-09-19,0.0
2021-09-20,23.299999999999272
2021-09-21,28.200000000000728
2021-09-22,-13.800000000000182
2021-09-23,-45.900000000000546
2021-09-24,-3.699999999999818
2021-09-25,8.900000000000546
2021-09-26,0.0
2021-09-27,-2.4000000000005457
2021-09-28,-17.899999999999636
2021-09-29,-9.5
2021-09-30,68.5
2021-10-01,165.0
2021-10-02,-46.5
2021-10-03,-280.4000000000001
2021-10-04,159.20000000000027
2021-10-05,150.79999999999927
2021-10-06,115.0
2021-10-07,-125.29999999999927
2021-10-08,-194.5
2021-10-09,91.19999999999982
2021-10-10,17.199999999999818
2021-10-11,171.30000000000018
2021-10-12,-76.10000000000036
2021-10-13,-2.199999999999818
2021-10-14,-3.600000000000364
2021-10-15,-67.59999999999945
2021-10-16,-7.800000000000182
2021-10-17,0.0
2021-10-18,10.300000000000182
2021-10-19,4.599999999999454
2021-10-20,20.400000000000546
2021-10-21,0.8000000000001819
2021-10-22,29.899999999999636
2021-10-23,-3.0
2021-10-24,-0.1000000000003638
2021-10-25,36.0
2021-10-26,-34.19999999999982
2021-10-27,13.5
2021-10-28,-11.800000000000182
2021-10-29,-27.799999999999272
2021-10-30,-1.0
2021-10-31,0.0
2021-11-01,67.59999999999945
2021-11-02,-99.39999999999964
2021-11-03,-234.9000000000001
2021-11-04,160.70000000000027
2021-11-05,144.59999999999945
2021-11-06,81.30000000000018
2021-11-07,-85.39999999999964
2021-11-08,-151.60000000000036
2021-11-09,46.899999999999636
2021-11-10,23.400000000000546
2021-11-11,198.30000000000018
2021-11-12,-107.60000000000036
2021-11-13,117.19999999999982
2021-11-14,0.0
2021-11-15,4.900000000000546
2021-11-16,-34.20000000000073
2021-11-17,22.400000000000546
2021-11-18,-20.5
2021-11-19,-13.199999999999818
2021-11-20,-5.900000000000546
2021-11-21,0.0
2021-11-22,-93.0
2021-11-23,-36.19999999999982
2021-11-24,-1.5
2021-11-25,4.800000000000182
2021-11-26,37.399999999999636
2021-11-27,3.199999999999818
2021-11-28,0.0
2021-11-29,-15.0
2021-11-30,-26.899999999999636
2021-12-01,76.19999999999982
2021-12-02,-115.09999999999945
2021-12-03,-221.00000000000045
2021-12-04,153.29999999999973
2021-12-05,135.10000000000036
2021-12-06,108.10000000000036
2021-12-07,-94.20000000000073
2021-12-08,-137.89999999999964
2021-12-09,37.899999999999636
2021-12-10,45.30000000000018
2021-12-11,184.19999999999982
2021-12-12,-115.39999999999964
2021-12-13,17.899999999999636
2021-12-14,-23.199999999999818
2021-12-15,20.5
2021-12-16,51.100000000000364
2021-12-17,-5.400000000000546
2021-12-18,-4.899999999999636
2021-12-19,0.0
2021-12-20,-35.399999999999636
2021-12-21,-7.600000000000364
2022-01-03,13.5
2022-01-04,-70.669921875
2022-01-05,0.0
2022-01-06,-26.3203125
2022-01-07,0.0
2022-01-10,35.990234375
2022-01-11,0.0
2022-01-12,0.0
2022-01-13,0.0
2022-01-14,0.0
2022-01-17,21.0
2022-01-18,0.0
2022-01-19,0.0
2022-01-20,0.0
2022-01-21,40.0
2022-01-24,-20.0
2022-01-25,0.0
2022-01-27,-17.9501953125
2022-01-28,-29.0498046875
2022-01-31,0.0
2022-02-01,58.9501953125
2022-02-02,-17.85009765625
2022-02-03,0.0
2022-02-04,-41.10009765625
2022-02-07,71.990234375
2022-02-08,-36.9404296875
2022-02-09,0.0
2022-02-10,21.9501953125
2022-02-11,47.0
2022-02-14,31.0
2022-02-15,-30.91015625
2022-02-16,22.91015625
2022-02-17,0.0
2022-02-18,0.0
2022-02-21,72.0
2022-02-22,1.35009765625
2022-02-23,-2.169921875
2022-02-24,186.39990234375
2022-02-25,-143.47998046875
2022-02-28,10.89990234375
2022-03-02,76.58984375
2022-03-03,-51.580078125
2022-03-04,102.990234375
2022-03-07,187.5498046875
2022-03-08,-79.0
2022-03-09,-20.5595703125
2022-03-10,-84.14013671875
2022-03-11,0.0
2022-03-14,-24.80029296875
2022-03-15,-58.0498046875
2022-03-16,0.0
2022-03-17,12.0
2022-03-21,-32.9501953125
2022-03-22,37.9501953125
2022-03-23,-35.990234375
2022-03-24,0.0
2022-03-25,43.64013671875
2022-03-28,-16.60009765625
2022-03-29,-24.8798828125
2022-03-30,-13.4697265625
2022-03-31,-29.30029296875
2022-04-01,102.55029296875
2022-04-04,-62.60009765625
2022-04-05,50.64990234375
2022-04-06,0.0
2022-04-07,39.9599609375
2022-04-08,5.0400390625
2022-04-11,12.0498046875
2022-04-12,46.4501953125
2022-04-13,0.0
2022-04-18,0.0
2022-04-19,0.0
2022-04-20,-44.080078125
2022-04-21,7.580078125
2022-04-22,28.0
2022-04-25,-73.0
2022-04-26,15.9501953125
2022-04-27,-44.9501953125
2022-04-28,17.97998046875
2022-04-29,0.0
2022-05-02,-50.97998046875
2022-05-04,-26.990234375
2022-05-05,35.0400390625
2022-05-06,62.9501953125
2022-05-09,-50.5498046875
2022-05-10,-8.35009765625
2022-05-11,6.64990234375
2022-05-12,-30.75
2022-05-13,-45.9501953125
2022-05-16,-44.0498046875
2022-05-17,78.0
2022-05-18,-66.0
2022-05-19,0.0
2022-05-20,70.0
2022-05-23,54.0
2022-05-24,-24.0
2022-05-25,-22.89990234375
2022-05-26,-18.10009765625
2022-05-27,37.0
2022-05-30,-37.9501953125
2022-05-31,0.0
2022-06-01,-28.0498046875
2022-06-02,45.0
2022-06-03,91.9501953125
2022-06-06,-57.2900390625
2022-06-07,-52.66015625
2022-06-08,2.10009765625
2022-06-09,0.0
2022-06-10,21.35986328125
2022-06-13,73.02001953125
2022-06-14,-128.06982421875
2022-06-15,0.0
2022-06-16,0.0
2022-06-17,0.0
2022-06-20,29.58984375
2022-06-21,0.0
2022-06-22,-30.0
2022-06-23,70.0
2022-06-24,-59.4501953125
2022-06-27,39.4501953125
2022-06-28,20.0
2022-06-29,0.0
2022-06-30,17.0
2022-07-01,21.0498046875
2022-07-04,80.9501953125
2022-07-05,-57.7001953125
2022-07-06,-79.2998046875
2022-07-07,-54.4501953125
2022-07-08,71.4501953125
2022-07-11,0.0
2022-07-12,0.0
2022-07-13,-59.0
2022-07-14,1.0
2022-07-15,-30.0
2022-07-18,0.0
2022-07-19,14.0
2022-07-20,0.0
2022-07-21,0.0
2022-07-22,0.0
2022-07-25,0.0
2022-07-26,25.0
2022-07-27,0.0
2022-07-28,0.0
2022-07-29,0.0
2022-08-01,109.0
2022-08-02,40.0
2022-08-03,-69.0
2022-08-04,-5.0
2022-08-05,0.0
2022-08-08,0.0
2022-08-10,66.0
2022-08-11,0.0
2022-08-12,-6.0
2022-08-16,-44.0
2022-08-17,0.0
2022-08-18,82.330078125
2022-08-19,-79.330078125
2022-08-22,-59.0
2022-08-23,0.0
2022-08-24,0.0
2022-08-25,0.0
2022-08-26,26.2998046875
2022-08-29,0.0
2022-08-30,18.7001953125
2022-09-01,-90.0
2022-09-02,-10.0
2022-09-05,0.0
2022-09-06,40.0
2022-09-07,-54.5
2022-09-08,88.5
2022-09-09,-63.0
2022-09-12,0.0
2022-09-13,0.0
2022-09-14,-48.0
2022-09-15,-14.490234375
2022-09-16,-37.509765625
2022-09-19,-23.0
2022-09-20,47.0
2022-09-21,-24.0
2022-09-22,0.0
2022-09-23,29.0
2022-09-26,-10.0
2022-09-27,-25.0
2022-09-28,-30.0
2022-09-29,104.0
2022-09-30,26.0
2022-10-03,5.0
2022-10-04,40.0
2022-10-06,90.0
2022-10-07,0.0
2022-10-10,-111.5
2022-10-11,0.0
2022-10-12,0.0
2022-10-13,0.0
2022-10-14,-47.39990234375
2022-10-17,0.0
2022-10-18,0.0
2022-10-19,-21.10009765625
2022-10-20,0.0
2022-10-21,-22.5
2022-10-24,162.5
2022-10-25,-99.0
2022-10-27,0.0
2022-10-28,-10.0
2022-10-31,0.0
2022-11-01,-19.0
2022-11-02,33.0
2022-11-03,-15.0
2022-11-04,0.0
2022-11-07,54.0
2022-11-09,116.0
2022-11-10,-82.5
2022-11-11,77.25
2022-11-14,6.25
2022-11-15,57.990234375
2022-11-16,-8.990234375
2022-11-17,-1.81005859375
2022-11-18,0.0
2022-11-21,-68.18994140625
2022-11-22,35.0
2022-11-23,-44.990234375
2022-11-24,44.990234375
2022-11-25,0.0
2022-11-28,44.330078125
2022-11-29,-40.330078125
2022-11-30,0.0
2022-12-01,0.0
2022-12-02,83.4501953125
2022-12-05,36.5498046875
2022-12-06,-64.0
2022-12-07,0.0
2022-12-08,0.0
2022-12-09,0.0
2022-12-12,0.0
2022-12-13,0.0
2022-12-14,0.0
2022-12-15,31.10009765625
2022-12-16,0.0
2022-12-19,0.0
2022-12-20,113.7998046875
2022-12-21,-18.39990234375
2022-12-22,-1.5
2022-12-23,0.0
2022-12-26,0.0
2022-12-27,-17.490234375
2022-12-28,0.0
2022-12-29,5.490234375
2022-12-30,-21.0
2023-01-02,93.0
2023-01-03,45.0
2023-01-04,0.0
2023-01-05,-39.85009765625
2023-01-06,-4.81982421875
2023-01-09,59.669921875
2023-01-10,0.0
2023-01-11,0.0
2023-01-12,-5.0
2023-01-13,0.0
2023-01-16,70.0
2023-01-17,-20.0
2023-01-18,-15.5
2023-01-19,0.5
2023-01-20,32.25
2023-01-23,2.75
2023-01-24,0.0
2023-01-25,62.60009765625
2023-01-27,0.0
2023-01-30,-47.60009765625
2023-01-31,-9.009765625
2023-02-01,98.009765625
2023-02-02,66.0
2023-02-03,-79.2001953125
2023-02-06,-82.7998046875
2023-02-07,26.0
2023-02-08,21.0
2023-02-09,20.0
2023-02-10,-79.89990234375
2023-02-13,0.0
2023-02-14,-2.10009765625
2023-02-15,0.0
2023-02-16,-23.009765625
2023-02-17,-34.990234375
2023-02-20,0.0
2023-02-21,0.0
2023-02-22,0.0
2023-02-23,-21.60009765625
2023-02-24,0.0
2023-02-27,-20.14990234375
2023-02-28,-35.75
2023-03-01,108.75
2023-03-02,-60.10009765625
2023-03-03,0.0
2023-03-06,0.0
2023-03-08,-69.0
2023-03-09,0.0
2023-03-10,77.85009765625
2023-03-13,98.93017578125
2023-03-14,3.919921875
2023-03-15,25.2900390625
2023-03-16,48.10986328125
2023-03-17,0.0
2023-03-20,153.64990234375
2023-03-21,-82.0400390625
2023-03-22,-17.85986328125
2023-03-23,56.85009765625
2023-03-24,23.10009765625
2023-03-27,0.0
2023-03-28,-62.9501953125
2023-03-29,0.0
2023-03-31,117.9501953125
2023-04-03,-49.650390625
2023-04-05,143.650390625
2023-04-06,-53.9501953125
2023-04-10,-10.0
2023-04-11,-19.0
2023-04-12,67.47998046875
2023-04-13,22.1298828125
2023-04-17,-49.56005859375
2023-04-18,-1.0498046875
2023-04-19,0.0
2023-04-20,-10.0
2023-04-21,0.0
2023-04-24,-38.0
2023-04-25,0.0
2023-04-26,0.0
2023-04-27,0.0
2023-04-28,-5.9501953125
2023-05-02,0.0
2023-05-03,122.7001953125
2023-05-04,11.25
2023-05-05,0.0
2023-05-08,-53.9501953125
2023-05-09,0.0
2023-05-10,63.9501953125
2023-05-11,-8.0
2023-05-12,-73.89990234375
2023-05-15,51.89990234375
2023-05-16,-14.0
2023-05-17,-83.0
2023-05-18,0.0
2023-05-19,19.0498046875
2023-05-22,0.0
2023-05-23,-10.94970703125
2023-05-24,43.89990234375
2023-05-25,-50.0
2023-05-26,-28.9501953125
2023-05-29,37.5
2023-05-30,1.85009765625
2023-05-31,63.60009765625
2023-06-01,-117.7001953125
2023-06-02,70.30029296875
2023-06-05,-93.419921875
2023-06-06,41.81982421875
2023-06-07,-6.14990234375
2023-06-08,-47.80029296875
2023-06-09,61.0
2023-06-12,-26.5498046875
2023-06-13,0.0
2023-06-14,-53.5
2023-06-15,-12.0
2023-06-16,35.0
2023-06-19,-24.0
2023-06-20,0.0
2023-06-21,-60.990234375
2023-06-22,-10.07958984375
2023-06-23,-9.93017578125
2023-06-26,0.0
2023-06-27,0.0
2023-06-28,-10.0
2023-06-30,-33.64990234375
2023-07-03,33.60009765625
2023-07-04,26.94970703125
2023-07-05,3.10009765625
2023-07-06,37.0
2023-07-07,-37.0
2023-07-10,43.0
2023-07-11,-15.0
2023-07-12,0.0
2023-07-13,74.9501953125
2023-07-14,0.0
2023-07-17,-47.9501953125
2023-07-18,0.0
2023-07-19,88.7998046875
2023-07-20,-3.849609375
2023-07-21,-64.9501953125
2023-07-24,0.0
2023-07-25,0.0
2023-07-26,35.0
2023-07-27,-18.0
2023-07-28,0.0
2023-07-31,0.0
2023-08-01,0.0
2023-08-02,-35.0
2023-08-03,0.0
2023-08-04,0.0
2023-08-07,3.0
2023-08-08,0.0
2023-08-09,0.0
2023-08-10,-36.7001953125
2023-08-11,16.7001953125
2023-08-14,6.169921875
2023-08-16,0.0
2023-08-17,-46.169921875
2023-08-18,-10.0
2023-08-21,0.0
2023-08-22,0.0
2023-08-23,19.5
2023-08-24,0.0
2023-08-25,-6.5
2023-08-28,0.0
2023-08-29,0.0
2023-08-30,52.75
2023-08-31,0.0
2023-09-01,0.0
2023-09-04,0.0
2023-09-05,-3.5498046875
2023-09-06,0.0
2023-09-07,-34.1904296875
2023-09-08,0.0
2023-09-11,49.990234375
2023-09-12,-56.2998046875
2023-09-13,-1.7001953125
2023-09-14,0.0
2023-09-15,0.0
2023-09-18,0.0
2023-09-20,0.0
2023-09-21,25.0
2023-09-22,-9.31982421875
2023-09-25,0.0
2023-09-26,0.0
2023-09-27,0.0
2023-09-28,-89.400390625
2023-09-29,0.0
2023-10-03,0.0
2023-10-04,-111.1796875
2023-10-05,31.89990234375
2023-10-06,13.0
2023-10-09,42.35009765625
2023-10-10,41.64990234375
2023-10-11,-26.39990234375
2023-10-12,0.0
2023-10-13,0.0
2023-10-16,0.0
2023-10-17,0.0
2023-10-18,161.8798828125
2023-10-19,0.0
2023-10-20,79.1201171875
2023-10-23,65.669921875
2023-10-25,-71.22021484375
2023-10-26,58.5
2023-10-27,-34.23974609375
2023-10-30,22.68994140625
2023-10-31,1.85009765625
2023-11-01,0.0
2023-11-02,2.60009765625
2023-11-03,0.0
2023-11-06,-33.1201171875
2023-11-07,0.0
2023-11-08,-6.3798828125
2023-11-09,-52.9501953125
2023-11-10,48.72998046875
2023-11-13,114.2001953125
2023-11-15,-94.93017578125
2023-11-16,-54.0
2023-11-17,89.0
2023-11-20,0.0
2023-11-21,10.0
2023-11-22,65.0
2023-11-23,0.0
2023-11-24,0.0
2023-11-28,-15.0
2023-11-29,0.0
2023-11-30,0.0
2023-12-01,55.0
2023-12-04,90.0
2023-12-05,-111.0
2023-12-06,0.0
2023-12-07,-4.0
2023-12-08,18.75
2023-12-11,-97.4501953125
2023-12-12,-26.2998046875
2023-12-13,0.0
2023-12-14,111.22021484375
2023-12-15,-20.21044921875
2023-12-18,0.0
2023-12-19,-16.009765625
2023-12-20,62.39990234375
2023-12-21,-35.02001953125
2023-12-22,0.0
2023-12-26,94.6103515625
2023-12-27,14.009765625
2023-12-28,0.0
2023-12-29,0.0
2024-01-01,18.52978515625
2024-01-02,-16.9599609375
2024-01-03,0.0
2024-01-04,0.0
2024-01-05,-69.56982421875
2024-01-08,0.0
2024-01-09,-30.9501953125
2024-01-10,0.0
2024-01-11,0.0
2024-01-12,0.0
2024-01-15,52.2001953125
2024-01-16,-44.25
2024-01-17,-12.0498046875
2024-01-18,-37.9501953125
2024-01-19,51.990234375
2024-01-23,0.0
2024-01-24,11.85986328125
2024-01-25,0.0
2024-01-29,-3.85009765625
2024-01-30,8.64990234375
2024-01-31,0.0
2024-02-01,0.0
2024-02-02,51.35009765625
2024-02-05,-74.7001953125
2024-02-06,307.7001953125
2024-02-07,-265.0
2024-02-08,-1.10986328125
2024-02-09,7.10009765625
2024-02-12,-61.59033203125
2024-02-13,0.0
2024-02-14,-87.39990234375
2024-02-15,20.0
2024-02-16,29.64990234375
2024-02-19,23.35009765625
2024-02-20,0.0
2024-02-21,0.0
2024-02-22,0.0
2024-02-23,0.0
2024-02-26,0.0
2024-02-27,16.9501953125
2024-02-28,-0.05029296875
2024-02-29,12.39990234375
